{"cameraMode":{"drawMode":0,"name":"Shaded","section":"Shading Mode"},"sceneLighting":false,"audioPlay":false,"sceneViewState":{"showFog":true,"showMaterialUpdate":false,"showSkybox":false,"showFlares":true,"showImageEffects":true,"showParticleSystems":true},"in2DMode":false,"pivot":{"x":30.305830001831056,"y":1.7899999618530274,"z":-3.250075340270996},"rotation":{"x":0.4374968409538269,"y":0.025624487549066545,"z":-0.012472015805542469,"w":0.8987930417060852},"size":1.6175456047058106,"orthographic":true}