{"cameraMode":{"drawMode":0,"name":"Shaded","section":"Shading Mode"},"sceneLighting":false,"audioPlay":false,"sceneViewState":{"showFog":true,"showMaterialUpdate":false,"showSkybox":false,"showFlares":true,"showImageEffects":true,"showParticleSystems":true},"in2DMode":false,"pivot":{"x":0.832977294921875,"y":1.361027717590332,"z":-2.600001335144043},"rotation":{"x":0.16594377160072328,"y":-0.6916177272796631,"z":0.16815359890460969,"w":0.682548463344574},"size":154.8050079345703,"orthographic":true}